ID,Name,Proficiency,Score
101,P1,0.0,5.0
102,P2,0.1495918227418459,7.479591137092295
